trial_id,timestamp,provider,model,condition,true_label,predicted_label,correct,confidence,reasoning,red_flags,supporting_evidence,synthetic_method
0,2026-05-15T10:39:11.908293,groq,mixtral-8x7b-32768,C2,SYNTHETIC,ERROR,False,-1,"Error code: 400 - {'error': {'message': 'The model `mixtral-8x7b-32768` has been decommissioned and is no longer supported. Please refer to https://console.groq.com/docs/deprecations for a recommendation on which model to use instead.', 'type': 'invalid_request_error', 'code': 'model_decommissioned'}}",[],[],ctgan
1,2026-05-15T10:39:14.677357,groq,mixtral-8x7b-32768,C2,REAL,ERROR,False,-1,"Error code: 400 - {'error': {'message': 'The model `mixtral-8x7b-32768` has been decommissioned and is no longer supported. Please refer to https://console.groq.com/docs/deprecations for a recommendation on which model to use instead.', 'type': 'invalid_request_error', 'code': 'model_decommissioned'}}",[],[],ctgan
2,2026-05-15T10:39:17.450853,groq,mixtral-8x7b-32768,C2,SYNTHETIC,ERROR,False,-1,"Error code: 400 - {'error': {'message': 'The model `mixtral-8x7b-32768` has been decommissioned and is no longer supported. Please refer to https://console.groq.com/docs/deprecations for a recommendation on which model to use instead.', 'type': 'invalid_request_error', 'code': 'model_decommissioned'}}",[],[],ctgan
3,2026-05-15T10:39:20.177949,groq,mixtral-8x7b-32768,C1,REAL,ERROR,False,-1,"Error code: 400 - {'error': {'message': 'The model `mixtral-8x7b-32768` has been decommissioned and is no longer supported. Please refer to https://console.groq.com/docs/deprecations for a recommendation on which model to use instead.', 'type': 'invalid_request_error', 'code': 'model_decommissioned'}}",[],[],ctgan
4,2026-05-15T10:39:22.950262,groq,mixtral-8x7b-32768,C2,REAL,ERROR,False,-1,"Error code: 400 - {'error': {'message': 'The model `mixtral-8x7b-32768` has been decommissioned and is no longer supported. Please refer to https://console.groq.com/docs/deprecations for a recommendation on which model to use instead.', 'type': 'invalid_request_error', 'code': 'model_decommissioned'}}",[],[],ctgan
5,2026-05-15T10:39:25.722710,groq,mixtral-8x7b-32768,C2,REAL,ERROR,False,-1,"Error code: 400 - {'error': {'message': 'The model `mixtral-8x7b-32768` has been decommissioned and is no longer supported. Please refer to https://console.groq.com/docs/deprecations for a recommendation on which model to use instead.', 'type': 'invalid_request_error', 'code': 'model_decommissioned'}}",[],[],ctgan
6,2026-05-15T10:39:28.459703,groq,mixtral-8x7b-32768,C1,REAL,ERROR,False,-1,"Error code: 400 - {'error': {'message': 'The model `mixtral-8x7b-32768` has been decommissioned and is no longer supported. Please refer to https://console.groq.com/docs/deprecations for a recommendation on which model to use instead.', 'type': 'invalid_request_error', 'code': 'model_decommissioned'}}",[],[],ctgan
7,2026-05-15T10:39:31.240538,groq,mixtral-8x7b-32768,C2,SYNTHETIC,ERROR,False,-1,"Error code: 400 - {'error': {'message': 'The model `mixtral-8x7b-32768` has been decommissioned and is no longer supported. Please refer to https://console.groq.com/docs/deprecations for a recommendation on which model to use instead.', 'type': 'invalid_request_error', 'code': 'model_decommissioned'}}",[],[],ctgan
8,2026-05-15T10:39:34.020070,groq,mixtral-8x7b-32768,C1,REAL,ERROR,False,-1,"Error code: 400 - {'error': {'message': 'The model `mixtral-8x7b-32768` has been decommissioned and is no longer supported. Please refer to https://console.groq.com/docs/deprecations for a recommendation on which model to use instead.', 'type': 'invalid_request_error', 'code': 'model_decommissioned'}}",[],[],ctgan
9,2026-05-15T10:39:36.789564,groq,mixtral-8x7b-32768,C2,SYNTHETIC,ERROR,False,-1,"Error code: 400 - {'error': {'message': 'The model `mixtral-8x7b-32768` has been decommissioned and is no longer supported. Please refer to https://console.groq.com/docs/deprecations for a recommendation on which model to use instead.', 'type': 'invalid_request_error', 'code': 'model_decommissioned'}}",[],[],ctgan
10,2026-05-15T10:39:39.563561,groq,mixtral-8x7b-32768,C2,SYNTHETIC,ERROR,False,-1,"Error code: 400 - {'error': {'message': 'The model `mixtral-8x7b-32768` has been decommissioned and is no longer supported. Please refer to https://console.groq.com/docs/deprecations for a recommendation on which model to use instead.', 'type': 'invalid_request_error', 'code': 'model_decommissioned'}}",[],[],ctgan
11,2026-05-15T10:39:42.326538,groq,mixtral-8x7b-32768,C1,REAL,ERROR,False,-1,"Error code: 400 - {'error': {'message': 'The model `mixtral-8x7b-32768` has been decommissioned and is no longer supported. Please refer to https://console.groq.com/docs/deprecations for a recommendation on which model to use instead.', 'type': 'invalid_request_error', 'code': 'model_decommissioned'}}",[],[],ctgan
12,2026-05-15T10:39:45.065356,groq,mixtral-8x7b-32768,C1,REAL,ERROR,False,-1,"Error code: 400 - {'error': {'message': 'The model `mixtral-8x7b-32768` has been decommissioned and is no longer supported. Please refer to https://console.groq.com/docs/deprecations for a recommendation on which model to use instead.', 'type': 'invalid_request_error', 'code': 'model_decommissioned'}}",[],[],ctgan
13,2026-05-15T10:39:47.831970,groq,mixtral-8x7b-32768,C2,SYNTHETIC,ERROR,False,-1,"Error code: 400 - {'error': {'message': 'The model `mixtral-8x7b-32768` has been decommissioned and is no longer supported. Please refer to https://console.groq.com/docs/deprecations for a recommendation on which model to use instead.', 'type': 'invalid_request_error', 'code': 'model_decommissioned'}}",[],[],ctgan
14,2026-05-15T10:39:50.561132,groq,mixtral-8x7b-32768,C1,REAL,ERROR,False,-1,"Error code: 400 - {'error': {'message': 'The model `mixtral-8x7b-32768` has been decommissioned and is no longer supported. Please refer to https://console.groq.com/docs/deprecations for a recommendation on which model to use instead.', 'type': 'invalid_request_error', 'code': 'model_decommissioned'}}",[],[],ctgan
15,2026-05-15T10:39:53.291522,groq,mixtral-8x7b-32768,C1,REAL,ERROR,False,-1,"Error code: 400 - {'error': {'message': 'The model `mixtral-8x7b-32768` has been decommissioned and is no longer supported. Please refer to https://console.groq.com/docs/deprecations for a recommendation on which model to use instead.', 'type': 'invalid_request_error', 'code': 'model_decommissioned'}}",[],[],ctgan
16,2026-05-15T10:39:56.138391,groq,mixtral-8x7b-32768,C2,REAL,ERROR,False,-1,"Error code: 400 - {'error': {'message': 'The model `mixtral-8x7b-32768` has been decommissioned and is no longer supported. Please refer to https://console.groq.com/docs/deprecations for a recommendation on which model to use instead.', 'type': 'invalid_request_error', 'code': 'model_decommissioned'}}",[],[],ctgan
17,2026-05-15T10:39:58.905799,groq,mixtral-8x7b-32768,C2,REAL,ERROR,False,-1,"Error code: 400 - {'error': {'message': 'The model `mixtral-8x7b-32768` has been decommissioned and is no longer supported. Please refer to https://console.groq.com/docs/deprecations for a recommendation on which model to use instead.', 'type': 'invalid_request_error', 'code': 'model_decommissioned'}}",[],[],ctgan
18,2026-05-15T10:40:01.685808,groq,mixtral-8x7b-32768,C2,REAL,ERROR,False,-1,"Error code: 400 - {'error': {'message': 'The model `mixtral-8x7b-32768` has been decommissioned and is no longer supported. Please refer to https://console.groq.com/docs/deprecations for a recommendation on which model to use instead.', 'type': 'invalid_request_error', 'code': 'model_decommissioned'}}",[],[],ctgan
19,2026-05-15T10:40:04.443491,groq,mixtral-8x7b-32768,C1,SYNTHETIC,ERROR,False,-1,"Error code: 400 - {'error': {'message': 'The model `mixtral-8x7b-32768` has been decommissioned and is no longer supported. Please refer to https://console.groq.com/docs/deprecations for a recommendation on which model to use instead.', 'type': 'invalid_request_error', 'code': 'model_decommissioned'}}",[],[],ctgan
20,2026-05-15T10:40:07.171808,groq,mixtral-8x7b-32768,C1,SYNTHETIC,ERROR,False,-1,"Error code: 400 - {'error': {'message': 'The model `mixtral-8x7b-32768` has been decommissioned and is no longer supported. Please refer to https://console.groq.com/docs/deprecations for a recommendation on which model to use instead.', 'type': 'invalid_request_error', 'code': 'model_decommissioned'}}",[],[],ctgan
21,2026-05-15T10:40:09.940862,groq,mixtral-8x7b-32768,C2,SYNTHETIC,ERROR,False,-1,"Error code: 400 - {'error': {'message': 'The model `mixtral-8x7b-32768` has been decommissioned and is no longer supported. Please refer to https://console.groq.com/docs/deprecations for a recommendation on which model to use instead.', 'type': 'invalid_request_error', 'code': 'model_decommissioned'}}",[],[],ctgan
22,2026-05-15T10:40:12.715722,groq,mixtral-8x7b-32768,C2,REAL,ERROR,False,-1,"Error code: 400 - {'error': {'message': 'The model `mixtral-8x7b-32768` has been decommissioned and is no longer supported. Please refer to https://console.groq.com/docs/deprecations for a recommendation on which model to use instead.', 'type': 'invalid_request_error', 'code': 'model_decommissioned'}}",[],[],ctgan
23,2026-05-15T10:40:15.487814,groq,mixtral-8x7b-32768,C2,REAL,ERROR,False,-1,"Error code: 400 - {'error': {'message': 'The model `mixtral-8x7b-32768` has been decommissioned and is no longer supported. Please refer to https://console.groq.com/docs/deprecations for a recommendation on which model to use instead.', 'type': 'invalid_request_error', 'code': 'model_decommissioned'}}",[],[],ctgan
24,2026-05-15T10:40:18.263917,groq,mixtral-8x7b-32768,C2,SYNTHETIC,ERROR,False,-1,"Error code: 400 - {'error': {'message': 'The model `mixtral-8x7b-32768` has been decommissioned and is no longer supported. Please refer to https://console.groq.com/docs/deprecations for a recommendation on which model to use instead.', 'type': 'invalid_request_error', 'code': 'model_decommissioned'}}",[],[],ctgan
25,2026-05-15T10:40:21.070178,groq,mixtral-8x7b-32768,C2,REAL,ERROR,False,-1,"Error code: 400 - {'error': {'message': 'The model `mixtral-8x7b-32768` has been decommissioned and is no longer supported. Please refer to https://console.groq.com/docs/deprecations for a recommendation on which model to use instead.', 'type': 'invalid_request_error', 'code': 'model_decommissioned'}}",[],[],ctgan
26,2026-05-15T10:40:23.859970,groq,mixtral-8x7b-32768,C2,REAL,ERROR,False,-1,"Error code: 400 - {'error': {'message': 'The model `mixtral-8x7b-32768` has been decommissioned and is no longer supported. Please refer to https://console.groq.com/docs/deprecations for a recommendation on which model to use instead.', 'type': 'invalid_request_error', 'code': 'model_decommissioned'}}",[],[],ctgan
27,2026-05-15T10:40:26.566920,groq,mixtral-8x7b-32768,C1,SYNTHETIC,ERROR,False,-1,"Error code: 400 - {'error': {'message': 'The model `mixtral-8x7b-32768` has been decommissioned and is no longer supported. Please refer to https://console.groq.com/docs/deprecations for a recommendation on which model to use instead.', 'type': 'invalid_request_error', 'code': 'model_decommissioned'}}",[],[],ctgan
28,2026-05-15T10:40:29.353050,groq,mixtral-8x7b-32768,C2,REAL,ERROR,False,-1,"Error code: 400 - {'error': {'message': 'The model `mixtral-8x7b-32768` has been decommissioned and is no longer supported. Please refer to https://console.groq.com/docs/deprecations for a recommendation on which model to use instead.', 'type': 'invalid_request_error', 'code': 'model_decommissioned'}}",[],[],ctgan
29,2026-05-15T10:40:32.073216,groq,mixtral-8x7b-32768,C1,SYNTHETIC,ERROR,False,-1,"Error code: 400 - {'error': {'message': 'The model `mixtral-8x7b-32768` has been decommissioned and is no longer supported. Please refer to https://console.groq.com/docs/deprecations for a recommendation on which model to use instead.', 'type': 'invalid_request_error', 'code': 'model_decommissioned'}}",[],[],ctgan
30,2026-05-15T10:40:34.835618,groq,mixtral-8x7b-32768,C2,SYNTHETIC,ERROR,False,-1,"Error code: 400 - {'error': {'message': 'The model `mixtral-8x7b-32768` has been decommissioned and is no longer supported. Please refer to https://console.groq.com/docs/deprecations for a recommendation on which model to use instead.', 'type': 'invalid_request_error', 'code': 'model_decommissioned'}}",[],[],ctgan
31,2026-05-15T10:40:37.564810,groq,mixtral-8x7b-32768,C1,REAL,ERROR,False,-1,"Error code: 400 - {'error': {'message': 'The model `mixtral-8x7b-32768` has been decommissioned and is no longer supported. Please refer to https://console.groq.com/docs/deprecations for a recommendation on which model to use instead.', 'type': 'invalid_request_error', 'code': 'model_decommissioned'}}",[],[],ctgan
32,2026-05-15T10:40:40.286670,groq,mixtral-8x7b-32768,C1,REAL,ERROR,False,-1,"Error code: 400 - {'error': {'message': 'The model `mixtral-8x7b-32768` has been decommissioned and is no longer supported. Please refer to https://console.groq.com/docs/deprecations for a recommendation on which model to use instead.', 'type': 'invalid_request_error', 'code': 'model_decommissioned'}}",[],[],ctgan
33,2026-05-15T10:40:43.001423,groq,mixtral-8x7b-32768,C1,REAL,ERROR,False,-1,"Error code: 400 - {'error': {'message': 'The model `mixtral-8x7b-32768` has been decommissioned and is no longer supported. Please refer to https://console.groq.com/docs/deprecations for a recommendation on which model to use instead.', 'type': 'invalid_request_error', 'code': 'model_decommissioned'}}",[],[],ctgan
34,2026-05-15T10:40:45.710564,groq,mixtral-8x7b-32768,C1,SYNTHETIC,ERROR,False,-1,"Error code: 400 - {'error': {'message': 'The model `mixtral-8x7b-32768` has been decommissioned and is no longer supported. Please refer to https://console.groq.com/docs/deprecations for a recommendation on which model to use instead.', 'type': 'invalid_request_error', 'code': 'model_decommissioned'}}",[],[],ctgan
35,2026-05-15T10:40:48.443739,groq,mixtral-8x7b-32768,C1,SYNTHETIC,ERROR,False,-1,"Error code: 400 - {'error': {'message': 'The model `mixtral-8x7b-32768` has been decommissioned and is no longer supported. Please refer to https://console.groq.com/docs/deprecations for a recommendation on which model to use instead.', 'type': 'invalid_request_error', 'code': 'model_decommissioned'}}",[],[],ctgan
36,2026-05-15T10:40:51.176082,groq,mixtral-8x7b-32768,C1,SYNTHETIC,ERROR,False,-1,"Error code: 400 - {'error': {'message': 'The model `mixtral-8x7b-32768` has been decommissioned and is no longer supported. Please refer to https://console.groq.com/docs/deprecations for a recommendation on which model to use instead.', 'type': 'invalid_request_error', 'code': 'model_decommissioned'}}",[],[],ctgan
37,2026-05-15T10:40:53.889953,groq,mixtral-8x7b-32768,C1,SYNTHETIC,ERROR,False,-1,"Error code: 400 - {'error': {'message': 'The model `mixtral-8x7b-32768` has been decommissioned and is no longer supported. Please refer to https://console.groq.com/docs/deprecations for a recommendation on which model to use instead.', 'type': 'invalid_request_error', 'code': 'model_decommissioned'}}",[],[],ctgan
38,2026-05-15T10:40:56.610879,groq,mixtral-8x7b-32768,C1,SYNTHETIC,ERROR,False,-1,"Error code: 400 - {'error': {'message': 'The model `mixtral-8x7b-32768` has been decommissioned and is no longer supported. Please refer to https://console.groq.com/docs/deprecations for a recommendation on which model to use instead.', 'type': 'invalid_request_error', 'code': 'model_decommissioned'}}",[],[],ctgan
39,2026-05-15T10:40:59.483343,groq,mixtral-8x7b-32768,C2,SYNTHETIC,ERROR,False,-1,"Error code: 400 - {'error': {'message': 'The model `mixtral-8x7b-32768` has been decommissioned and is no longer supported. Please refer to https://console.groq.com/docs/deprecations for a recommendation on which model to use instead.', 'type': 'invalid_request_error', 'code': 'model_decommissioned'}}",[],[],ctgan
40,2026-05-15T10:41:02.222383,groq,mixtral-8x7b-32768,C1,SYNTHETIC,ERROR,False,-1,"Error code: 400 - {'error': {'message': 'The model `mixtral-8x7b-32768` has been decommissioned and is no longer supported. Please refer to https://console.groq.com/docs/deprecations for a recommendation on which model to use instead.', 'type': 'invalid_request_error', 'code': 'model_decommissioned'}}",[],[],ctgan
41,2026-05-15T10:41:04.940014,groq,mixtral-8x7b-32768,C1,SYNTHETIC,ERROR,False,-1,"Error code: 400 - {'error': {'message': 'The model `mixtral-8x7b-32768` has been decommissioned and is no longer supported. Please refer to https://console.groq.com/docs/deprecations for a recommendation on which model to use instead.', 'type': 'invalid_request_error', 'code': 'model_decommissioned'}}",[],[],ctgan
42,2026-05-15T10:41:07.714061,groq,mixtral-8x7b-32768,C1,SYNTHETIC,ERROR,False,-1,"Error code: 400 - {'error': {'message': 'The model `mixtral-8x7b-32768` has been decommissioned and is no longer supported. Please refer to https://console.groq.com/docs/deprecations for a recommendation on which model to use instead.', 'type': 'invalid_request_error', 'code': 'model_decommissioned'}}",[],[],ctgan
43,2026-05-15T10:41:10.501022,groq,mixtral-8x7b-32768,C2,SYNTHETIC,ERROR,False,-1,"Error code: 400 - {'error': {'message': 'The model `mixtral-8x7b-32768` has been decommissioned and is no longer supported. Please refer to https://console.groq.com/docs/deprecations for a recommendation on which model to use instead.', 'type': 'invalid_request_error', 'code': 'model_decommissioned'}}",[],[],ctgan
44,2026-05-15T10:41:13.221750,groq,mixtral-8x7b-32768,C1,SYNTHETIC,ERROR,False,-1,"Error code: 400 - {'error': {'message': 'The model `mixtral-8x7b-32768` has been decommissioned and is no longer supported. Please refer to https://console.groq.com/docs/deprecations for a recommendation on which model to use instead.', 'type': 'invalid_request_error', 'code': 'model_decommissioned'}}",[],[],ctgan
45,2026-05-15T10:41:15.960624,groq,mixtral-8x7b-32768,C1,REAL,ERROR,False,-1,"Error code: 400 - {'error': {'message': 'The model `mixtral-8x7b-32768` has been decommissioned and is no longer supported. Please refer to https://console.groq.com/docs/deprecations for a recommendation on which model to use instead.', 'type': 'invalid_request_error', 'code': 'model_decommissioned'}}",[],[],ctgan
46,2026-05-15T10:41:18.679139,groq,mixtral-8x7b-32768,C1,REAL,ERROR,False,-1,"Error code: 400 - {'error': {'message': 'The model `mixtral-8x7b-32768` has been decommissioned and is no longer supported. Please refer to https://console.groq.com/docs/deprecations for a recommendation on which model to use instead.', 'type': 'invalid_request_error', 'code': 'model_decommissioned'}}",[],[],ctgan
47,2026-05-15T10:41:21.417807,groq,mixtral-8x7b-32768,C1,REAL,ERROR,False,-1,"Error code: 400 - {'error': {'message': 'The model `mixtral-8x7b-32768` has been decommissioned and is no longer supported. Please refer to https://console.groq.com/docs/deprecations for a recommendation on which model to use instead.', 'type': 'invalid_request_error', 'code': 'model_decommissioned'}}",[],[],ctgan
48,2026-05-15T10:41:24.196347,groq,mixtral-8x7b-32768,C2,REAL,ERROR,False,-1,"Error code: 400 - {'error': {'message': 'The model `mixtral-8x7b-32768` has been decommissioned and is no longer supported. Please refer to https://console.groq.com/docs/deprecations for a recommendation on which model to use instead.', 'type': 'invalid_request_error', 'code': 'model_decommissioned'}}",[],[],ctgan
49,2026-05-15T10:41:26.966762,groq,mixtral-8x7b-32768,C2,REAL,ERROR,False,-1,"Error code: 400 - {'error': {'message': 'The model `mixtral-8x7b-32768` has been decommissioned and is no longer supported. Please refer to https://console.groq.com/docs/deprecations for a recommendation on which model to use instead.', 'type': 'invalid_request_error', 'code': 'model_decommissioned'}}",[],[],ctgan
50,2026-05-15T10:41:29.693824,groq,mixtral-8x7b-32768,C1,REAL,ERROR,False,-1,"Error code: 400 - {'error': {'message': 'The model `mixtral-8x7b-32768` has been decommissioned and is no longer supported. Please refer to https://console.groq.com/docs/deprecations for a recommendation on which model to use instead.', 'type': 'invalid_request_error', 'code': 'model_decommissioned'}}",[],[],ctgan
51,2026-05-15T10:41:32.481694,groq,mixtral-8x7b-32768,C2,SYNTHETIC,ERROR,False,-1,"Error code: 400 - {'error': {'message': 'The model `mixtral-8x7b-32768` has been decommissioned and is no longer supported. Please refer to https://console.groq.com/docs/deprecations for a recommendation on which model to use instead.', 'type': 'invalid_request_error', 'code': 'model_decommissioned'}}",[],[],ctgan
52,2026-05-15T10:41:35.207754,groq,mixtral-8x7b-32768,C1,REAL,ERROR,False,-1,"Error code: 400 - {'error': {'message': 'The model `mixtral-8x7b-32768` has been decommissioned and is no longer supported. Please refer to https://console.groq.com/docs/deprecations for a recommendation on which model to use instead.', 'type': 'invalid_request_error', 'code': 'model_decommissioned'}}",[],[],ctgan
53,2026-05-15T10:41:37.971911,groq,mixtral-8x7b-32768,C2,SYNTHETIC,ERROR,False,-1,"Error code: 400 - {'error': {'message': 'The model `mixtral-8x7b-32768` has been decommissioned and is no longer supported. Please refer to https://console.groq.com/docs/deprecations for a recommendation on which model to use instead.', 'type': 'invalid_request_error', 'code': 'model_decommissioned'}}",[],[],ctgan
54,2026-05-15T10:41:40.700185,groq,mixtral-8x7b-32768,C1,REAL,ERROR,False,-1,"Error code: 400 - {'error': {'message': 'The model `mixtral-8x7b-32768` has been decommissioned and is no longer supported. Please refer to https://console.groq.com/docs/deprecations for a recommendation on which model to use instead.', 'type': 'invalid_request_error', 'code': 'model_decommissioned'}}",[],[],ctgan
55,2026-05-15T10:41:43.485596,groq,mixtral-8x7b-32768,C2,REAL,ERROR,False,-1,"Error code: 400 - {'error': {'message': 'The model `mixtral-8x7b-32768` has been decommissioned and is no longer supported. Please refer to https://console.groq.com/docs/deprecations for a recommendation on which model to use instead.', 'type': 'invalid_request_error', 'code': 'model_decommissioned'}}",[],[],ctgan
56,2026-05-15T10:41:46.270373,groq,mixtral-8x7b-32768,C2,SYNTHETIC,ERROR,False,-1,"Error code: 400 - {'error': {'message': 'The model `mixtral-8x7b-32768` has been decommissioned and is no longer supported. Please refer to https://console.groq.com/docs/deprecations for a recommendation on which model to use instead.', 'type': 'invalid_request_error', 'code': 'model_decommissioned'}}",[],[],ctgan
57,2026-05-15T10:41:49.015136,groq,mixtral-8x7b-32768,C1,SYNTHETIC,ERROR,False,-1,"Error code: 400 - {'error': {'message': 'The model `mixtral-8x7b-32768` has been decommissioned and is no longer supported. Please refer to https://console.groq.com/docs/deprecations for a recommendation on which model to use instead.', 'type': 'invalid_request_error', 'code': 'model_decommissioned'}}",[],[],ctgan
58,2026-05-15T10:41:51.731615,groq,mixtral-8x7b-32768,C1,REAL,ERROR,False,-1,"Error code: 400 - {'error': {'message': 'The model `mixtral-8x7b-32768` has been decommissioned and is no longer supported. Please refer to https://console.groq.com/docs/deprecations for a recommendation on which model to use instead.', 'type': 'invalid_request_error', 'code': 'model_decommissioned'}}",[],[],ctgan
59,2026-05-15T10:41:54.545658,groq,mixtral-8x7b-32768,C1,SYNTHETIC,ERROR,False,-1,"Error code: 400 - {'error': {'message': 'The model `mixtral-8x7b-32768` has been decommissioned and is no longer supported. Please refer to https://console.groq.com/docs/deprecations for a recommendation on which model to use instead.', 'type': 'invalid_request_error', 'code': 'model_decommissioned'}}",[],[],ctgan
60,2026-05-15T10:41:57.331607,groq,mixtral-8x7b-32768,C2,SYNTHETIC,ERROR,False,-1,"Error code: 400 - {'error': {'message': 'The model `mixtral-8x7b-32768` has been decommissioned and is no longer supported. Please refer to https://console.groq.com/docs/deprecations for a recommendation on which model to use instead.', 'type': 'invalid_request_error', 'code': 'model_decommissioned'}}",[],[],ctgan
61,2026-05-15T10:42:00.114530,groq,mixtral-8x7b-32768,C2,SYNTHETIC,ERROR,False,-1,"Error code: 400 - {'error': {'message': 'The model `mixtral-8x7b-32768` has been decommissioned and is no longer supported. Please refer to https://console.groq.com/docs/deprecations for a recommendation on which model to use instead.', 'type': 'invalid_request_error', 'code': 'model_decommissioned'}}",[],[],ctgan
62,2026-05-15T10:42:02.894258,groq,mixtral-8x7b-32768,C2,SYNTHETIC,ERROR,False,-1,"Error code: 400 - {'error': {'message': 'The model `mixtral-8x7b-32768` has been decommissioned and is no longer supported. Please refer to https://console.groq.com/docs/deprecations for a recommendation on which model to use instead.', 'type': 'invalid_request_error', 'code': 'model_decommissioned'}}",[],[],ctgan
63,2026-05-15T10:42:05.678413,groq,mixtral-8x7b-32768,C2,SYNTHETIC,ERROR,False,-1,"Error code: 400 - {'error': {'message': 'The model `mixtral-8x7b-32768` has been decommissioned and is no longer supported. Please refer to https://console.groq.com/docs/deprecations for a recommendation on which model to use instead.', 'type': 'invalid_request_error', 'code': 'model_decommissioned'}}",[],[],ctgan
64,2026-05-15T10:42:08.543711,groq,mixtral-8x7b-32768,C2,SYNTHETIC,ERROR,False,-1,"Error code: 400 - {'error': {'message': 'The model `mixtral-8x7b-32768` has been decommissioned and is no longer supported. Please refer to https://console.groq.com/docs/deprecations for a recommendation on which model to use instead.', 'type': 'invalid_request_error', 'code': 'model_decommissioned'}}",[],[],ctgan
65,2026-05-15T10:42:11.281059,groq,mixtral-8x7b-32768,C1,REAL,ERROR,False,-1,"Error code: 400 - {'error': {'message': 'The model `mixtral-8x7b-32768` has been decommissioned and is no longer supported. Please refer to https://console.groq.com/docs/deprecations for a recommendation on which model to use instead.', 'type': 'invalid_request_error', 'code': 'model_decommissioned'}}",[],[],ctgan
66,2026-05-15T10:42:14.003733,groq,mixtral-8x7b-32768,C1,REAL,ERROR,False,-1,"Error code: 400 - {'error': {'message': 'The model `mixtral-8x7b-32768` has been decommissioned and is no longer supported. Please refer to https://console.groq.com/docs/deprecations for a recommendation on which model to use instead.', 'type': 'invalid_request_error', 'code': 'model_decommissioned'}}",[],[],ctgan
67,2026-05-15T10:42:16.775687,groq,mixtral-8x7b-32768,C2,REAL,ERROR,False,-1,"Error code: 400 - {'error': {'message': 'The model `mixtral-8x7b-32768` has been decommissioned and is no longer supported. Please refer to https://console.groq.com/docs/deprecations for a recommendation on which model to use instead.', 'type': 'invalid_request_error', 'code': 'model_decommissioned'}}",[],[],ctgan
68,2026-05-15T10:42:19.501865,groq,mixtral-8x7b-32768,C1,REAL,ERROR,False,-1,"Error code: 400 - {'error': {'message': 'The model `mixtral-8x7b-32768` has been decommissioned and is no longer supported. Please refer to https://console.groq.com/docs/deprecations for a recommendation on which model to use instead.', 'type': 'invalid_request_error', 'code': 'model_decommissioned'}}",[],[],ctgan
69,2026-05-15T10:42:22.225578,groq,mixtral-8x7b-32768,C1,SYNTHETIC,ERROR,False,-1,"Error code: 400 - {'error': {'message': 'The model `mixtral-8x7b-32768` has been decommissioned and is no longer supported. Please refer to https://console.groq.com/docs/deprecations for a recommendation on which model to use instead.', 'type': 'invalid_request_error', 'code': 'model_decommissioned'}}",[],[],ctgan
70,2026-05-15T10:42:25.095672,groq,mixtral-8x7b-32768,C2,SYNTHETIC,ERROR,False,-1,"Error code: 400 - {'error': {'message': 'The model `mixtral-8x7b-32768` has been decommissioned and is no longer supported. Please refer to https://console.groq.com/docs/deprecations for a recommendation on which model to use instead.', 'type': 'invalid_request_error', 'code': 'model_decommissioned'}}",[],[],ctgan
71,2026-05-15T10:42:27.817682,groq,mixtral-8x7b-32768,C1,REAL,ERROR,False,-1,"Error code: 400 - {'error': {'message': 'The model `mixtral-8x7b-32768` has been decommissioned and is no longer supported. Please refer to https://console.groq.com/docs/deprecations for a recommendation on which model to use instead.', 'type': 'invalid_request_error', 'code': 'model_decommissioned'}}",[],[],ctgan
72,2026-05-15T10:42:30.535337,groq,mixtral-8x7b-32768,C1,SYNTHETIC,ERROR,False,-1,"Error code: 400 - {'error': {'message': 'The model `mixtral-8x7b-32768` has been decommissioned and is no longer supported. Please refer to https://console.groq.com/docs/deprecations for a recommendation on which model to use instead.', 'type': 'invalid_request_error', 'code': 'model_decommissioned'}}",[],[],ctgan
73,2026-05-15T10:42:33.263265,groq,mixtral-8x7b-32768,C1,SYNTHETIC,ERROR,False,-1,"Error code: 400 - {'error': {'message': 'The model `mixtral-8x7b-32768` has been decommissioned and is no longer supported. Please refer to https://console.groq.com/docs/deprecations for a recommendation on which model to use instead.', 'type': 'invalid_request_error', 'code': 'model_decommissioned'}}",[],[],ctgan
74,2026-05-15T10:42:36.048508,groq,mixtral-8x7b-32768,C2,REAL,ERROR,False,-1,"Error code: 400 - {'error': {'message': 'The model `mixtral-8x7b-32768` has been decommissioned and is no longer supported. Please refer to https://console.groq.com/docs/deprecations for a recommendation on which model to use instead.', 'type': 'invalid_request_error', 'code': 'model_decommissioned'}}",[],[],ctgan
75,2026-05-15T10:42:38.845377,groq,mixtral-8x7b-32768,C2,REAL,ERROR,False,-1,"Error code: 400 - {'error': {'message': 'The model `mixtral-8x7b-32768` has been decommissioned and is no longer supported. Please refer to https://console.groq.com/docs/deprecations for a recommendation on which model to use instead.', 'type': 'invalid_request_error', 'code': 'model_decommissioned'}}",[],[],ctgan
76,2026-05-15T10:42:41.589112,groq,mixtral-8x7b-32768,C1,SYNTHETIC,ERROR,False,-1,"Error code: 400 - {'error': {'message': 'The model `mixtral-8x7b-32768` has been decommissioned and is no longer supported. Please refer to https://console.groq.com/docs/deprecations for a recommendation on which model to use instead.', 'type': 'invalid_request_error', 'code': 'model_decommissioned'}}",[],[],ctgan
77,2026-05-15T10:42:44.376224,groq,mixtral-8x7b-32768,C2,REAL,ERROR,False,-1,"Error code: 400 - {'error': {'message': 'The model `mixtral-8x7b-32768` has been decommissioned and is no longer supported. Please refer to https://console.groq.com/docs/deprecations for a recommendation on which model to use instead.', 'type': 'invalid_request_error', 'code': 'model_decommissioned'}}",[],[],ctgan
78,2026-05-15T10:42:47.149253,groq,mixtral-8x7b-32768,C2,SYNTHETIC,ERROR,False,-1,"Error code: 400 - {'error': {'message': 'The model `mixtral-8x7b-32768` has been decommissioned and is no longer supported. Please refer to https://console.groq.com/docs/deprecations for a recommendation on which model to use instead.', 'type': 'invalid_request_error', 'code': 'model_decommissioned'}}",[],[],ctgan
79,2026-05-15T10:42:49.881168,groq,mixtral-8x7b-32768,C1,REAL,ERROR,False,-1,"Error code: 400 - {'error': {'message': 'The model `mixtral-8x7b-32768` has been decommissioned and is no longer supported. Please refer to https://console.groq.com/docs/deprecations for a recommendation on which model to use instead.', 'type': 'invalid_request_error', 'code': 'model_decommissioned'}}",[],[],ctgan
80,2026-05-15T10:42:52.598092,groq,mixtral-8x7b-32768,C1,SYNTHETIC,ERROR,False,-1,"Error code: 400 - {'error': {'message': 'The model `mixtral-8x7b-32768` has been decommissioned and is no longer supported. Please refer to https://console.groq.com/docs/deprecations for a recommendation on which model to use instead.', 'type': 'invalid_request_error', 'code': 'model_decommissioned'}}",[],[],ctgan
81,2026-05-15T10:42:55.360610,groq,mixtral-8x7b-32768,C2,REAL,ERROR,False,-1,"Error code: 400 - {'error': {'message': 'The model `mixtral-8x7b-32768` has been decommissioned and is no longer supported. Please refer to https://console.groq.com/docs/deprecations for a recommendation on which model to use instead.', 'type': 'invalid_request_error', 'code': 'model_decommissioned'}}",[],[],ctgan
82,2026-05-15T10:42:58.133111,groq,mixtral-8x7b-32768,C2,SYNTHETIC,ERROR,False,-1,"Error code: 400 - {'error': {'message': 'The model `mixtral-8x7b-32768` has been decommissioned and is no longer supported. Please refer to https://console.groq.com/docs/deprecations for a recommendation on which model to use instead.', 'type': 'invalid_request_error', 'code': 'model_decommissioned'}}",[],[],ctgan
83,2026-05-15T10:43:00.900134,groq,mixtral-8x7b-32768,C2,REAL,ERROR,False,-1,"Error code: 400 - {'error': {'message': 'The model `mixtral-8x7b-32768` has been decommissioned and is no longer supported. Please refer to https://console.groq.com/docs/deprecations for a recommendation on which model to use instead.', 'type': 'invalid_request_error', 'code': 'model_decommissioned'}}",[],[],ctgan
84,2026-05-15T10:43:03.636652,groq,mixtral-8x7b-32768,C1,REAL,ERROR,False,-1,"Error code: 400 - {'error': {'message': 'The model `mixtral-8x7b-32768` has been decommissioned and is no longer supported. Please refer to https://console.groq.com/docs/deprecations for a recommendation on which model to use instead.', 'type': 'invalid_request_error', 'code': 'model_decommissioned'}}",[],[],ctgan
85,2026-05-15T10:43:06.414778,groq,mixtral-8x7b-32768,C2,REAL,ERROR,False,-1,"Error code: 400 - {'error': {'message': 'The model `mixtral-8x7b-32768` has been decommissioned and is no longer supported. Please refer to https://console.groq.com/docs/deprecations for a recommendation on which model to use instead.', 'type': 'invalid_request_error', 'code': 'model_decommissioned'}}",[],[],ctgan
86,2026-05-15T10:43:09.143566,groq,mixtral-8x7b-32768,C1,SYNTHETIC,ERROR,False,-1,"Error code: 400 - {'error': {'message': 'The model `mixtral-8x7b-32768` has been decommissioned and is no longer supported. Please refer to https://console.groq.com/docs/deprecations for a recommendation on which model to use instead.', 'type': 'invalid_request_error', 'code': 'model_decommissioned'}}",[],[],ctgan
87,2026-05-15T10:43:11.921508,groq,mixtral-8x7b-32768,C2,REAL,ERROR,False,-1,"Error code: 400 - {'error': {'message': 'The model `mixtral-8x7b-32768` has been decommissioned and is no longer supported. Please refer to https://console.groq.com/docs/deprecations for a recommendation on which model to use instead.', 'type': 'invalid_request_error', 'code': 'model_decommissioned'}}",[],[],ctgan
88,2026-05-15T10:43:14.699652,groq,mixtral-8x7b-32768,C2,SYNTHETIC,ERROR,False,-1,"Error code: 400 - {'error': {'message': 'The model `mixtral-8x7b-32768` has been decommissioned and is no longer supported. Please refer to https://console.groq.com/docs/deprecations for a recommendation on which model to use instead.', 'type': 'invalid_request_error', 'code': 'model_decommissioned'}}",[],[],ctgan
89,2026-05-15T10:43:17.423340,groq,mixtral-8x7b-32768,C1,SYNTHETIC,ERROR,False,-1,"Error code: 400 - {'error': {'message': 'The model `mixtral-8x7b-32768` has been decommissioned and is no longer supported. Please refer to https://console.groq.com/docs/deprecations for a recommendation on which model to use instead.', 'type': 'invalid_request_error', 'code': 'model_decommissioned'}}",[],[],ctgan
90,2026-05-15T10:43:20.137169,groq,mixtral-8x7b-32768,C1,SYNTHETIC,ERROR,False,-1,"Error code: 400 - {'error': {'message': 'The model `mixtral-8x7b-32768` has been decommissioned and is no longer supported. Please refer to https://console.groq.com/docs/deprecations for a recommendation on which model to use instead.', 'type': 'invalid_request_error', 'code': 'model_decommissioned'}}",[],[],ctgan
91,2026-05-15T10:43:22.997528,groq,mixtral-8x7b-32768,C2,SYNTHETIC,ERROR,False,-1,"Error code: 400 - {'error': {'message': 'The model `mixtral-8x7b-32768` has been decommissioned and is no longer supported. Please refer to https://console.groq.com/docs/deprecations for a recommendation on which model to use instead.', 'type': 'invalid_request_error', 'code': 'model_decommissioned'}}",[],[],ctgan
92,2026-05-15T10:43:25.778991,groq,mixtral-8x7b-32768,C2,REAL,ERROR,False,-1,"Error code: 400 - {'error': {'message': 'The model `mixtral-8x7b-32768` has been decommissioned and is no longer supported. Please refer to https://console.groq.com/docs/deprecations for a recommendation on which model to use instead.', 'type': 'invalid_request_error', 'code': 'model_decommissioned'}}",[],[],ctgan
93,2026-05-15T10:43:28.512351,groq,mixtral-8x7b-32768,C1,REAL,ERROR,False,-1,"Error code: 400 - {'error': {'message': 'The model `mixtral-8x7b-32768` has been decommissioned and is no longer supported. Please refer to https://console.groq.com/docs/deprecations for a recommendation on which model to use instead.', 'type': 'invalid_request_error', 'code': 'model_decommissioned'}}",[],[],ctgan
94,2026-05-15T10:43:31.245391,groq,mixtral-8x7b-32768,C1,SYNTHETIC,ERROR,False,-1,"Error code: 400 - {'error': {'message': 'The model `mixtral-8x7b-32768` has been decommissioned and is no longer supported. Please refer to https://console.groq.com/docs/deprecations for a recommendation on which model to use instead.', 'type': 'invalid_request_error', 'code': 'model_decommissioned'}}",[],[],ctgan
95,2026-05-15T10:43:33.951274,groq,mixtral-8x7b-32768,C1,REAL,ERROR,False,-1,"Error code: 400 - {'error': {'message': 'The model `mixtral-8x7b-32768` has been decommissioned and is no longer supported. Please refer to https://console.groq.com/docs/deprecations for a recommendation on which model to use instead.', 'type': 'invalid_request_error', 'code': 'model_decommissioned'}}",[],[],ctgan
96,2026-05-15T10:43:36.735056,groq,mixtral-8x7b-32768,C2,REAL,ERROR,False,-1,"Error code: 400 - {'error': {'message': 'The model `mixtral-8x7b-32768` has been decommissioned and is no longer supported. Please refer to https://console.groq.com/docs/deprecations for a recommendation on which model to use instead.', 'type': 'invalid_request_error', 'code': 'model_decommissioned'}}",[],[],ctgan
97,2026-05-15T10:43:39.460554,groq,mixtral-8x7b-32768,C1,SYNTHETIC,ERROR,False,-1,"Error code: 400 - {'error': {'message': 'The model `mixtral-8x7b-32768` has been decommissioned and is no longer supported. Please refer to https://console.groq.com/docs/deprecations for a recommendation on which model to use instead.', 'type': 'invalid_request_error', 'code': 'model_decommissioned'}}",[],[],ctgan
98,2026-05-15T10:43:42.247323,groq,mixtral-8x7b-32768,C2,SYNTHETIC,ERROR,False,-1,"Error code: 400 - {'error': {'message': 'The model `mixtral-8x7b-32768` has been decommissioned and is no longer supported. Please refer to https://console.groq.com/docs/deprecations for a recommendation on which model to use instead.', 'type': 'invalid_request_error', 'code': 'model_decommissioned'}}",[],[],ctgan
99,2026-05-15T10:43:45.132810,groq,mixtral-8x7b-32768,C2,REAL,ERROR,False,-1,"Error code: 400 - {'error': {'message': 'The model `mixtral-8x7b-32768` has been decommissioned and is no longer supported. Please refer to https://console.groq.com/docs/deprecations for a recommendation on which model to use instead.', 'type': 'invalid_request_error', 'code': 'model_decommissioned'}}",[],[],ctgan
